kp_chi,ki_chi,kp_phi,kd_phi,ki_phi,t_rise,t_set,overshoot
0.6624994142,9.9555159117,-9.91218467,-4.379748795,-0.250360017,4.47982741919477,100,275.443907930358
8.7199722407,-10,-1.169742361,4.3891123989,-9.843005672,3.96963716848339,100,14626.6120341917
-10,-4.852872428,-9.271718018,-10,4.1064086345,3.98311825479677,100,226.778307322386
-2.502219177,-10,-10,-5.462195274,0.9409342484,3.98311825479677,100,31938.4373724481
-2.705494789,-9.909879739,2.9420186521,3.8033272569,-8.38377534,3.98276532628068,100,32928.628087026
-10,-3.891967041,-2.712120313,-10,-10,3.98311825479677,100,9699.48283922776
4.9512936244,0.247953153,-9.687960009,-10,9.1822849957,6.23826633631269,100,13647.8886211934
4.6821299653,-10,-10,10,9.9941839821,4.47243848705754,100,289.014957350999
-2.614486214,-10,9.0605600424,9.3079806879,9.3971815707,4.48655971067011,100,30.8607103471295
-10,7.4334650079,7.5605466674,10,9.3958529676,4.06020488049975,100,13693.0876733475
5.0031987344,8.3696540722,7.8625744077,10,-0.839971916,3.55753137545644,100,144.845705711879
10,9.4677110628,9.4991471029,1.7609272636,-1.380423507,3.36135208835529,100,321.640666309747
10,6.30847416,4.0928453489,10,-10,4.47516652350361,100,276.327290786968
9.7999740508,3.5943067711,8.7744256924,-10,-4.863357895,3.98311825479677,100,95598.3708360953
-8.216573207,10,-3.726892949,2.6272534733,10,0.255867318411737,100,16843.7821445862
10,-1.492664389,-1.81660773,10,-10,4.04367684910158,100,68960.0945596404
-4.261496599,-3.450620727,9.6802449281,-10,9.3899633419,5.37832667735272,100,175.612519948237
1.9240544902,2.816692,-3.541279856,10,3.3294115921,3.68558594119957,100,31399.3816155397
10,-9.999046108,10,0.0287059327,-3.608067471,3.38937114303761,100,36704.479937638
-10,10,9.9172522916,7.0686463665,-9.157677953,4.47354081660281,100,308.47178146583
4.5034572722,10,4.7160501948,-4.757745894,-0.67185857,3.98311825479677,100,20787.6948398658
-5.040473605,3.508998209,-3.130379774,2.1803376944,2.4117155099,3.96321933062993,100,18698.4672631917
0.5927812421,-7.657298082,4.7257707521,3.2176966805,4.7225733806,5.36718152332703,100,82904.8444368102
-8.448444592,0.4000807973,5.6055464963,-1.034944839,-3.338891871,3.23416718550759,100,17573.6504454721
-6.63386185,3.6284184754,10,3.4115842691,-10,5.31766589055705,100,304.241475658196
4.1881780133,6.4795173166,-7.267694925,-9.99986373,0.3873322536,4.47982741919477,100,273.933865006558
-0.048157644,-3.25061945,-9.788604177,7.9572522809,0.9394334932,3.32019815286968,100,206.240913461505
1.8837456656,-10,8.8289904714,-2.96494737,4.2971947703,4.47876316675556,100,236.151037989833
0.0613982924,0.0676676305,-10,-0.75584695,-1.625492822,4.48035506555074,100,307.666104300563
0.2967778243,3.4026627538,-2.887264164,-1.726946056,-4.341618516,4.48024102396761,100,290.611694896473
-3.494514182,-4.021090816,-2.405918752,-2.737828435,-10,3.98311825479677,100,20336.8772532011
10,-9.943404104,2.089846917,-10,-8.249047,4.48014996743201,100,35182.036239899
3.2266380117,-10,-9.100632639,-0.485686175,-1.063092517,3.98393685459306,100,7646.18860955102
-10,-10,-4.864675896,-1.522291317,0.3582276128,3.98311825479677,100,1793.44103538749
-7.416752448,-10,-1.386246599,-5.926105057,-9.750884941,3.98311825479677,100,20906.0137408665
0.0786169064,9.5529341164,-0.920816543,-9.9937997,-2.69351277,4.47956852255791,100,277.320544135232
9.9997274593,5.7952677829,-9.999931865,-2.955051043,4.4443094232,5.61684857601436,100,19302.1050830015
-3.698813448,-10,-10,10,1.0808310446,5.59823499806264,100,143.749459855125
-6.951569129,-9.921952855,2.887684981,2.4529411342,6.4516971509,4.49107991853648,100,95572.0542765182
-3.679154434,2.4826446922,1.7580966,-1.086823788,-10,3.98364915280017,100,95604.8004533438
1.2441108236,5.336995494,10,-9.36999341,10,4.90085045848734,100,15097.6199762288
3.2620447089,9.0528039753,-10,10,-3.083843179,4.47561219995738,100,273.078314102231
9.9998637297,-8.988502583,6.927982312,-3.325392699,10,2.98254552094759,100,99619.4794363686
-9.967976471,2.368955361,-2.550900082,4.2952295312,10,5.60332677167217,100,480.470775101195
9.6246377136,-9.9365727,8.8192352815,10,2.346425865,2.85899585615677,100,287.571379221445
-7.833998797,9.84486985,10,3.2491079829,10,0.256266940053288,100,31485.8411841061
5.5996294766,1.7844041805,2.6323894385,10,6.5208220392,5.45242455404617,100,17963.5707534447
0.9016539837,1.3096271321,10,3.897419422,-10,4.47075861713756,100,315.078215140461
-0.673402068,7.2707765376,2.6106452091,-10,10,3.98281059609449,100,26599.0901674824
-0.7616469,2.3516761171,-10,9.8944597153,-4.231368973,4.45898580188012,100,312.816866660187
10,-2.62617164,5.0214958505,-7.608406308,10,5.2514361740204,100,136.835209995379
-9.704595892,10,-10,10,-10,4.47571765783344,100,309.460634160099
5.870911678,2.0217739742,6.3485270379,-10,5.9666428946,3.98258395027685,100,7829.55556908928
-1.453345853,10,-9.964940368,10,3.3303607046,3.97987586086185,100,27880.0481897054
9.1769195203,-1.445912576,6.478283416,1.6690348145,-3.170711155,6.71856589278142,100,93088.2279742447
-10,0.9582594418,-3.00006557,-3.260091742,-9.199236371,3.98311825479677,100,62048.8035609189
10,2.7849314043,-10,-7.739859501,-1.161526633,4.47982741919477,100,274.95290117085
2.8595841563,-2.863338603,-3.800092156,4.0771684779,-10,3.98089381211534,100,16669.3143674427
-0.154722606,-4.453957258,1.5301555677,-9.459975432,-8.949782768,3.98284475902891,100,14953.9532084341
-7.62174462,-2.753421187,-10,-9.499471448,-8.556924915,3.98311825479677,100,16451.9386955384
7.5116778475,-9.999931865,-5.068593469,-9.227655103,10,4.47982741919477,100,89558.6813665315
-10,-9.423406808,-10,10,-8.535904107,4.02249193168806,100,19573.1173391104
-4.878295307,-10,10,0.9447398221,4.1635407901,4.48009963011414,100,67.5794124028842
-8.463918436,10,1.1005871658,10,-10,4.47192811484617,100,306.550599073588
6.8830402632,-5.890891542,6.127412851,-4.462380393,-4.40767376,3.98311825479677,100,26922.2931581201
-4.031676277,10,-0.435643414,3.5943779506,-9.603252777,4.47906541664407,100,283.677500258099
8.2480591947,-9.582937443,2.7451462332,-10,9.817703541,5.2470140815708,100,96061.9522417682
1.8910420326,-2.3492019,-10,9.9996593242,-10,4.02516988954716,100,21284.8481387023
2.6235393747,-9.999727459,10,-5.480455978,-7.805203527,4.47907659333466,100,39744.9235467108
-10,9.9922325909,-10,-7.255018394,-10,3.98311825479677,100,95598.3664330172
4.9061779727,-6.737770644,-10,-9.972309868,5.5084885012,4.47982741919477,100,85184.4376422786
-5.177013576,-6.092271443,-9.957393717,1.4885783296,-1.370312268,3.98311825479677,100,11452.0099594379
-4.982277292,-8.347441873,10,-7.068472079,-10,4.47982741919477,100,29953.5330738352
-10,3.1792555126,-4.288249415,-10,8.1741232538,3.98311825479677,100,22866.1816752843
10,-2.738922818,-8.572148108,10,9.9027378656,4.6914076270944,100,122.298448155171
10,-10,9.0292881851,2.7869531391,5.5384973529,4.47402805988312,100,94517.0218982351
-7.539218494,5.3641693513,-1.307584071,0.7034335863,-4.84336929,5.50595470840835,100,267.787866670903
2.9393079312,-3.226714515,2.095170492,-2.396311778,-10,4.48029729204723,100,37276.1497495696
10,3.4092097754,-5.957812194,-9.99986373,5.3543567023,4.47982741919477,100,29774.5252863751
-2.504235867,-1.223840493,-8.367938681,10,10,7.40033266351927,100,121.211288123014
-1.457167869,-9.768393817,6.0982279746,10,-2.950469812,3.99761952933212,100,23239.8246438829
-10,-2.321050468,9.3675171713,-0.651584518,-9.636319003,4.16385312903206,100,20111.4670984647
10,9.471855556,-6.080688063,-7.820345678,-5.48010617,4.47982741919477,100,275.349225560389
10,3.344372217,-3.193462101,-6.316383724,-10,4.47982741919477,100,275.443907930358
5.1656019864,-10,-1.273782611,-2.628064813,4.3007490175,3.02080426891277,100,92434.1501231069
-4.412571209,9.8876556829,-10,-0.298793301,10,6.68724373947686,100,20356.238467126
2.5720594066,-10,4.1318908425,9.4581729852,-9.452741708,3.98418116575087,100,13757.698816388
-8.018431844,-2.893332878,9.9985010263,-10,-3.955495523,4.47982741919477,100,48433.7376197011
-10,9.5629341569,-0.643625174,-1.901386185,4.083846344,6.60218039776886,100,11059.1266796009
10,-7.310614466,3.5302031484,10,-9.90319955,3.97380039789672,100,20128.9497343182
-10,4.6419951902,5.847120033,-0.348810857,9.3334856282,2.92379758909712,100,21562.3481544147
10,5.3214843804,-10,10,-8.133343141,4.47982741919477,100,274.793586010471
3.4349660625,-4.912383084,2.1778149573,-7.238019934,3.7056696324,3.98311825479677,100,333.327575746771
-7.844064296,2.7320951475,-9.98421717,7.5276445983,-9.987463129,4.47446154225938,100,305.760651289551
5.6272977186,-4.757386755,10,-0.774746501,-9.970088661,4.47418587245507,100,51927.2384594974
-8.64108574,6.6860180432,4.0612388776,-10,-6.375376768,4.47982741919477,100,275.443907930358
5.0534779096,-4.084678421,-10,-1.767969353,-6.027745107,4.47982741919477,100,27507.949908198
-8.004745881,-9.999591189,-0.606549389,-10,10,4.47959458117757,100,97106.8770297851
-10,-2.034170361,-9.999931865,10,2.8858934747,3.57680455467391,100,87142.6110995639
-2.196459959,-3.881919329,9.5098791659,-1.19843917,-9.979150639,4.48091478546851,100,26354.8785873723
-3.704593103,10,5.8961301986,-9.999795594,-1.504507277,4.47982741919477,100,273.933865006558
7.3145126217,-2.003985462,-10,9.9998637297,2.4992737364,3.13073353659172,100,4119.01864768231
3.7009491571,-6.265142042,4.8566097533,3.349151553,-6.334853121,3.98697166994291,100,16832.6702563493
-1.943162785,-6.219284774,0.319530125,0.2335966588,10,5.223387909014,100,222.332996285907
10,-4.633909774,-3.513326488,9.9607105369,0.0095818746,2.64053656744539,100,52.7645568162931
4.0634032035,-10,9.9997274593,5.9186458027,-2.386022257,4.00989497182408,49.8727062395815,48085.7065149553
2.5003406508,10,-4.556370021,4.7507856823,-5.016392219,4.47970762578948,100,275.923241727567
10,4.651992058,3.2945072364,-9.092251791,0.6489567068,3.98311825479677,100,5181.68848299405
-3.86860233,7.855519905,-5.427257829,-3.413945089,4.7696041612,3.98311825479677,100,34599.5706291337
8.8642104881,-10,-10,5.5636533598,-2.055063113,3.98323118570636,100,14290.8345351589
-10,-3.129140867,-10,-2.065984291,-7.397198709,3.98311825479677,100,13356.4761490875
1.757837123,5.4089248311,2.0185061189,-7.032819507,-9.681317103,4.48022351916574,100,295.408330875795
-2.976070926,-7.447741961,-5.802952659,-10,-10,3.98311825479677,100,26042.9685074204
-1.981691168,-9.996252566,-9.890645781,-9.695465779,7.59745757,3.98311825479677,100,267.113520353
-10,-9.875629531,-10,2.0020984524,-10,3.98311825479677,100,12598.0227963846
-8.380777654,-10,7.9392603132,-10,9.9999318648,4.47982741919477,100,206.26158276218
-5.644940228,10,-10,2.9600319924,-10,4.47722309030897,100,290.817287266174
10,-4.05592038,-0.503332825,-5.62755037,-6.873613067,4.47982741919477,100,36349.856526448
-3.156481945,5.7742486598,-10,-9.999931865,-1.451767149,3.98311825479677,100,95595.7053733045
10,-0.871738726,-10,-1.968498962,9.9997955945,3.61759894849685,100,5927.10453762896
-2.656992948,-10,1.3938986042,9.54892029,4.1858289468,5.39534779559445,100,198.398451953982
-5.796740649,-9.125249973,10,8.5289219323,2.3249376629,4.43606727328576,100,86620.9287883773
-10,8.3772434074,3.3147827235,0.4176083029,-10,0.572549580906414,100,306.284364361598
10,3.9614423674,1.3169748945,-10,10,3.98311825479677,100,9726.85887435803
9.9821894671,-5.292619195,-5.321530486,-0.240142291,-10,4.47982741919477,100,47281.3990615566
3.7151142258,-10,-2.405902614,-10,-9.886996898,4.47982741919477,100,22058.6104127083
-10,9.8854522461,-9.397987964,-10,-2.439285475,3.98311825479677,100,93590.5257250315
10,-9.853199674,-8.369297697,-2.211775185,-4.667780267,4.47982741919477,100,19315.717630203
-6.568208471,-10,-4.547459519,-8.616176766,3.4448255422,3.98311825479677,100,284.951933392949
-4.99221719,1.149085475,-5.362441063,-0.937054949,8.906649985,7.40126302064051,100,233.579593728472
-5.144400575,-10,-4.275141961,8.0887077647,-10,3.98690722048175,100,17871.8129251063
-1.871382156,1.0665355229,10,-0.362005792,9.9714159344,1.22278195013981,100,293.737250614528
-5.172928259,10,6.0820773348,10,-4.751318271,4.46680361976999,100,280.345916414966
10,-4.315871719,10,-4.621207293,4.0954630203,6.40520848721005,100,4761.7337242144
-10,8.5717560376,-10,10,-0.499953271,4.44888111889579,100,302.262928586049
5.2413681582,-0.651313878,9.612717199,-3.742529399,10,6.85914572852976,100,73895.7641318676
-10,2.4967820334,1.8517893259,4.6030958884,-0.054782053,15.9294882356585,100,31088.56094891
4.2082779534,4.9411132653,9.8463148606,-1.450166538,4.4836916503,3.62369035463275,100,110.021483618927
-2.177110332,8.0372206553,-4.245802941,-2.777533433,-10,3.98311825479677,100,95603.9392364448
9.8609731881,-5.055792141,-1.514567122,-6.55007728,6.4448932556,3.76209150469896,100,85107.2444763289
3.7755919996,9.9058889809,-10,5.2168038769,10,4.97191059115883,100,35004.3413816618
6.3929834794,-8.9740634,3.7132409054,10,-2.650123763,4.03326510251984,100,22719.3983149808
-10,9.1728915,10,-4.963492798,2.7986040663,5.07442762422401,100,24219.1027349105
3.8788055823,8.76674605,-0.362636812,5.3901719699,10,4.08301492408274,10.4804700115438,69.6575024401742
10,-0.491128861,6.5846159317,10,-6.360727201,5.03820082706968,100,94599.9448378863
-10,9.9915866695,10,-6.217321908,-6.159887957,4.47961952393747,100,283.919819005925
8.871451244,9.407551874,-2.563044906,-1.165355126,-10,4.47982741919477,100,275.443907930358
7.775175167,0.7166490833,-1.325370228,0.1445831402,-7.69615369,4.47982741919477,100,275.443907930358
-10,0.311673625,-10,-5.214040268,9.6234839727,4.02682551571435,100,98246.3212966637
7.231609739,-0.880855499,-7.552726058,10,-4.926892049,3.79844708669102,100,78878.1351873322
-0.30951339,-10,9.4930409709,-8.135225922,10,6.25305680234009,100,353.075694539102
-10,9.2809971337,-9.659309396,10,10,4.07651292704059,100,31288.6998775896
10,-7.531635488,10,9.5142087906,-5.397299848,4.09817591409019,100,42435.9889820649
-10,5.5272109865,9.9848739928,-10,10,6.52553727935598,100,14699.4099149105
7.6600142758,10,-5.265811131,10,8.5829427856,4.93963353201865,100,47862.5762490567
10,-3.737053253,4.0242720534,10,3.2633085644,5.44478688327705,100,199.225420882479
-10,4.8155239302,8.7370574752,4.5018796024,-3.153644387,5.45795788972753,100,295.772272737078
9.2520477284,10,-2.381835409,-10,1.0870395725,4.47982741919477,100,48797.5976002436
10,-0.380370816,-10,2.7266766929,3.4927471163,5.3430827344292,100,14976.0375290823
9.435614493,-4.836969516,0.2285827281,8.9615649854,10,6.1992602384654,100,318.917685646634
-4.366437448,6.2552123607,2.2077758524,10,8.6088110205,4.95832643785559,100,35406.0520256798
3.4616875363,3.5064145448,10,10,7.2818231299,4.16651967679416,100,6775.54014223087
-2.734602299,10,10,10,4.3744011934,4.91924256727125,100,15031.8987410914
5.6474516756,10,9.8944422727,7.1619756625,10,4.00588530467503,9.02050712154811,46.2819868971115
10,7.1532112666,9.9999318648,9.9731302152,4.7619942867,5.10770400306562,100,13668.8100743028
9.976673244,2.6848278809,7.3456985228,7.151355052,9.9991142428,4.04906983251749,100,211.491041423177
2.259792848,10,3.8322961364,9.7312955023,5.2297131554,4.90925929365678,100,36800.5616235762
4.7219747387,2.7656791722,10,5.1495261055,-2.624672537,5.24535900530659,100,203.634361505062
9.9016513005,10,3.9831173066,-5.652575209,9.9672542384,4.92822852037547,100,12170.374847162
9.9973427285,10,-5.983907074,10,-3.195682036,4.47718703610437,100,271.567187595363
4.8993422841,-4.030177161,8.6665520321,-10,-10,3.98311825479677,100,27333.7193743241
0.0804586072,3.1734661164,-7.390222023,-10,-10,4.47960968674536,100,268.458919922925
2.2167938999,-3.698548185,-10,-8.055782349,-9.863533435,4.47982741919477,100,25303.6975264138
-9.841375224,-6.350741163,-6.210642444,-9.321660267,-3.021181393,3.98311825479677,100,11814.963484918
-7.843749321,-9.969393683,-10,-3.964960876,-4.683610273,3.98311825479677,100,2376.93881696607
-10,-10,-8.195813384,-9.087368395,-10,3.98311825479677,100,12384.7295578652
-10,-7.65739298,1.5800138931,-10,-3.148939766,4.47982741919477,100,18298.9746848389
-0.294368165,2.8177225279,-9.091918964,-6.697323888,4.5822150445,4.47969166008864,100,22880.8130125712
1.4559283687,-9.614442272,-2.307983144,-0.04611321,-10,3.98326766266966,100,35903.3310942907
-10,-3.125140071,4.3272777724,-9.422172591,10,5.34271235454658,100,211.852428253876
3.4953186105,-8.723055453,-10,10,-5.556535232,4.03035255464627,100,26788.3834889119
2.848920058,-6.350569998,10,1.1717581045,9.7436466095,4.47751858658339,100,98012.3683361183
-10,3.8888211092,-4.307259536,9.9447309322,4.3976549646,5.17331080813526,100,36107.384873989
10,-3.319342549,9.315336517,2.4113820593,10,8.81920960801428,100,151.952462887289
6.3548661176,6.3886778386,3.5406676828,5.3034584442,-4.828758834,4.47643363053829,100,312.257722279557
9.9624438955,9.4826348029,4.7457996045,3.0385738783,10,4.0446198691776,10.1502246184786,167.235914297687
-0.357913568,0.3939198707,-0.946153366,9.6974971232,10,1.27621306676729,100,27644.4563268267
5.4848088243,3.6428720932,10,9.8931553356,-10,4.47302274968667,100,217.69477699028
-4.398285609,10,9.6516063544,-7.916623813,7.4344146162,3.1911682667007,100,19371.8158730635
10,4.723570438,-10,7.7438473677,10,7.51202734089155,100,7122.65818964823
9.8064306047,-0.535428631,10,5.9500714829,3.4023108418,9.71262276272244,100,17147.4132158332
-1.250627208,7.8977984668,9.9033069305,-3.35906722,-1.11171324,3.98442699067109,100,5989.67183484839
10,9.4884780078,3.9922218094,-2.702958798,-5.952988653,3.98311825479677,100,95595.7053733045
7.2046251282,4.1944508876,-10,-10,-8.053094947,4.47982741919477,100,275.459309029415
-2.967874664,-6.627881469,-9.993050213,-2.654777765,-9.973941253,3.98311825479677,100,12617.4103727762
-10,-9.840147592,4.8620509868,-10,-9.999931865,4.47982741919477,100,16644.0721372938
-1.142293318,-6.269686353,-3.812725418,-3.097597423,2.7838334828,3.98311825479677,100,281.467359267921
-6.33220002,-3.332721314,-3.016354733,3.7727615582,-2.091473403,3.40659446227137,49.6685154562675,38163.1080783629
-10,-5.37604428,1.4354512328,-1.138046045,-6.376926664,3.98365787894051,100,17080.822262237
3.6989476244,10,-3.4067849,-9.892783154,-10,4.47982741919477,100,275.443907930358
2.9266710586,-2.939983086,-3.579168117,-6.814095005,10,2.91694612571036,100,93539.21922197
-4.380273191,-3.795202496,-10,4.7360509505,-10,4.00336419587117,100,5049.55965098654
-10,-10,9.9216500079,-1.655093757,-7.724189836,3.19453263252467,100,14949.1743026141
-3.050383706,5.6278476453,-6.472385992,-10,10,3.98311825479677,100,39722.5487840426
10,-5.728324053,-10,9.9897175856,-10,0.303323668378942,100,26866.044778645
-10,-10,8.7852583555,-7.827968794,-2.622607346,4.47982741919477,100,28862.6722453582
-10,7.5793805665,-6.595404764,-4.110957937,9.9925187586,2.92507813616434,100,19731.6919217542
2.7052884097,-9.827465948,-3.720104142,8.8287839379,-10,3.99913695740092,100,35744.272787917
-10,1.5040941113,8.5418889165,-8.856483446,-9.93084553,4.47982741919477,100,275.167844266151
-5.83779213,9.4224154573,-10,-3.332563198,-4.581116285,3.98311825479677,100,95595.7053733045
9.946974487,-3.767471256,-9.959105817,-3.467517831,-0.055521073,4.47982741919477,100,18082.0373891156
-10,-10,-1.244091807,7.2943400143,10,5.40465097825119,100,100591.872632713
-5.700273106,-5.674057887,2.9802800365,10,9.8210775945,6.27437331429166,100,120.36931397009
-10,-4.060435581,8.368909057,10,6.2138057407,5.41215213364027,100,91242.9410226628
-8.94325721,3.0010683345,9.7798528745,8.1258302635,3.6337981479,7.87588181945411,100,26581.5005325172
9.9996593242,9.8980812357,10,-6.210443496,-2.148801847,3.98311825479677,100,2561.72265993655
10,10,-2.90410078,-0.038975025,10,4.46272199500416,100,21472.9494006224
8.9373600815,10,-8.302272708,3.9292047644,-7.618248254,4.47982741919477,100,275.349225560389
1.9192087183,-10,10,-10,0.9012206561,4.48017918300522,100,310.079629006269
-0.666734241,10,-10,10,-10,4.47944975473093,100,311.599561006112
9.967981922,-10,-2.615695589,-10,1.3917151365,4.47982741919477,100,274.793586010471
-10,3.8616151858,-9.908957789,2.1073793978,8.7487257399,6.76925537106119,100,463.011291638658
6.5270262933,0.3712467572,0.8020913672,7.5519303987,-0.921844047,1.46659399354842,100,42.3826222505865
-9.226262285,-0.328752065,10,-4.753284047,9.9997955945,9.60021385030302,100,268.996988986501
1.0331782293,8.3403322955,0.9892108052,9.8847944419,-3.022833129,4.47395286459769,100,303.478831859573
10,5.4131715013,10,-7.939701848,10,4.94916555142498,100,2531.32002413681
-1.260383479,1.7784669202,-2.573110324,10,-10,4.46723190955371,100,270.945774083443
10,-9.104491859,9.0273690191,-6.73553255,-10,3.98311825479677,100,20879.3999468245
-10,10,-1.792873299,-8.530168211,-10,3.98311825479677,100,95603.9392364448
5.0852697889,-4.601788849,-7.930300382,-0.607127759,5.7345200689,5.50476512966798,100,158.795744749059
-8.328837449,-9.698922903,-6.181868833,6.5323059822,-2.790627122,4.03061941394881,100,33058.1269235573
-9.976539699,0.0822544343,10,4.6163764181,10,0.0477400515627018,100,94158.2289272433
-10,3.6305575761,5.7740386864,9.8735602064,-9.801364183,4.46767627964526,100,285.997157376616
10,8.1867606988,10,-6.342220542,-10,3.98311825479677,100,95598.5995232097
2.5719119886,10,-8.490852911,-1.744253385,6.8053699532,4.37949574406357,100,37606.9049477581
9.9927912992,-9.896646582,-4.730043013,10,-5.759670204,3.99502174230189,100,24316.9579416478
-10,-6.13797685,10,-6.759406159,4.4338690998,4.4791222792187,100,281.465802996816
-7.467751357,10,-1.581854721,-10,10,5.39011066550301,100,25185.0044686364
6.3391432228,-9.110452432,3.7099156685,2.8944618391,10,4.47405344517902,100,194.239734104523
-9.908110187,-2.533799989,-0.163679838,10,2.1366216824,7.67805940946115,100,112.112918423568
-2.570330023,2.1847073413,9.7643452013,1.8816923374,-1.840720117,5.28417801630267,100,818.556127569341
1.0353379801,10,0.8253755027,-1.761555895,9.0238032888,5.00290040700147,100,26620.9514542868
9.8772932505,4.180002326,-3.160541828,6.453076676,-6.016929606,4.47898979216009,100,272.318247027611
-2.032763836,1.3536589588,6.3237288264,-10,-7.581825186,4.47982741919477,100,275.443907930358
-9.999795594,3.6114682312,-6.195028366,-10,-9.78343927,3.98311825479677,100,88311.0419529899
9.5320640332,-5.791189603,-6.624259241,-9.351374435,-3.961068424,4.47982741919477,100,37119.1653025543
-9.252747116,-9.847957736,-10,-2.396198444,8.331942809,4.02228234791571,100,151.898573934061
2.0677872596,-10,-1.13034704,10,10,5.3146800989921,100,259.388817913131
-10,-3.814747732,8.8296055935,10,-10,4.01303185531774,100,26275.7329594827
7.2370652212,10,5.1185009571,-10,-6.222904605,3.98311825479677,100,95599.7740422552
6.1769021152,7.5124100937,-10,-7.287651267,10,5.50426474092226,100,22498.6319241199
5.9723194828,-8.678313661,-9.647039663,3.8384492925,-10,3.96750520637065,100,31735.25145378
-9.931164403,-9.03613087,5.5634794554,-1.78804561,1.1988202491,4.47887097382696,100,116.8964762744
-10,9.7461218239,-4.536866715,5.655731743,-6.32215234,4.4733053929499,100,311.721701482045
1.2026682996,-2.371519667,4.1043685141,-10,10,4.80104170698399,100,93434.2122906783
3.7066679281,-3.596263715,-10,5.4791867387,10,4.48761706211136,100,72914.6257171172
9.0788807545,-8.308412114,10,8.9773012919,10,5.2764229841761,100,94844.9861075542
-10,9.7354229673,10,9.9999318648,0.1155185742,1.24289534622229,100,9644.87236580455
10,4.4907524792,10,-0.097555765,9.7829263702,5.54296935000337,49.6287439130591,10.8968315031517
4.3053401403,9.9894799301,-4.068322168,8.4667304462,1.7011643663,4.06515175786034,100,18194.3098769439
10,2.9355298657,9.9998637297,-2.985902994,-0.263166037,3.98267942195133,100,52318.5994994212
-0.746902354,9.0561756305,9.9993186483,-2.230314555,-10,3.98263875173888,100,95596.8560511115
7.1702950133,3.0774070778,1.624012832,-2.345853832,-1.249756716,3.98311825479677,100,95599.7740422552
6.2805631898,4.2451065375,-6.992140629,1.5960046118,8.6140804221,4.68259798345528,100,40776.2558452382
3.5994565212,-3.806786939,0.0021411482,10,-6.407815524,4.01566199241741,100,12706.0921707721
-7.078308067,4.419859704,10,-8.269957408,-1.711004751,4.47982741919477,100,4772.99341189583
-1.730175385,8.7606635964,-5.520521647,4.1149295889,6.2071429535,5.76964871680899,100,11190.1925179165
10,-6.269975555,0.8258747315,4.1936645305,-2.815974429,3.99972720655771,100,22679.1598759098
-4.381625986,2.7599339956,10,-3.576916532,-7.219635693,4.47996187153639,100,272.48765489983
-5.66432287,10,-4.025078516,-10,1.7313351851,3.98311825479677,100,29848.5908764447
8.4712255301,-10,-4.615622147,5.7651056617,8.9386517325,4.53656591249776,100,175.542779940497
-7.225435738,0.3333532028,3.4659883995,6.2381796495,6.6713930853,9.81178831958803,100,82521.0994165902
1.3492290723,1.6445666267,5.0625863278,9.9997955945,-4.057238205,4.41219096655791,100,307.591557495926
3.7301680652,9.9998637297,8.5122954949,-3.682385926,10,3.91316433119989,49.8595119394082,12926.7470960702
4.1849629651,10,-2.268914624,-3.55888013,-4.146126735,4.47982741919477,100,275.443907930358
10,4.6751532144,4.5180550035,4.3150439937,1.8233342738,5.27099725041207,100,29053.7886801642
1.8979681691,1.8314107631,4.4339672925,0.7590663547,-5.494270358,4.47354081652212,100,305.359792002353
-3.997634599,0.8598629716,-0.524265667,-8.132585657,10,4.21543683040659,100,366.750979727534
6.3382108792,9.7230780959,-2.667159233,10,-10,4.47917642814183,100,271.040835655771
7.0571816832,-2.818936668,10,-10,-0.860585914,3.98311825479677,100,95599.0943911772
1.7916559367,6.2795630631,-10,2.550431947,1.5746695043,4.47982741919477,100,55534.6810531454
8.5287076325,-10,8.2224269844,4.055733803,-10,0.25661863896522,100,18150.53611479
-5.178458411,2.3923379332,-1.635580693,-9.923518874,2.5626863124,3.98311825479677,100,23861.0387204327
9.5894510618,0.0972220654,-9.45654771,4.1410061937,-10,4.47982741919477,100,275.167844266151
-1.181345506,-10,1.9614087748,-10,6.9479284794,4.47982741919477,100,94186.1330575763
-10,3.2741358756,-6.428236652,5.389086074,-1.671476148,4.44902017996283,100,302.868350181717
-1.68483946,-10,3.7398833146,-3.998956131,-9.41947845,4.47982741919477,100,23357.4583974087
-10,8.2196712851,2.2994260574,-10,1.075897743,4.47982741919477,100,27340.533845414
4.1545284476,-3.953413159,-4.446610384,10,6.7149751863,5.48797079836619,100,157.997833815736
3.5516404361,-10,-1.567646959,4.4078067015,-3.878499136,3.98463501644885,100,36399.0741662368
-9.999659324,-0.220654547,1.5497013087,-7.94904016,-4.847320769,4.47982741919477,100,7165.24882011023
6.7556932062,6.9148692451,-2.53179498,-3.967862761,4.2868057821,4.51641085949379,100,17993.9989585305
1.1613672898,0.1829052,-10,-1.88459547,10,4.51652258499059,100,23877.3496529547
0.6052720287,-3.847376092,-0.319934421,10,0.8977030711,6.6856919386792,100,185.918170523632
-7.087635071,0.1841337535,10,10,-3.953998984,1.57042689665584,100,10035.4264590061
-2.134114976,9.2818885815,9.9636839556,-0.513776827,6.0717412669,3.78512150885434,100,19487.6897988775
9.9777198001,10,1.5747755499,9.5888725066,0.0636976575,1.56019926253866,100,22940.6699632611
10,-4.898008372,1.8252182854,2.6498268122,4.7427152884,6.24061713391573,100,192.326467400571
2.145371242,5.1960058201,-1.267318526,2.8691893435,-10,4.47900689388715,100,311.660783055909
2.411170302,2.3006011367,-0.781507422,-10,5.9144653596,3.98262298036582,100,17118.8570210562
-4.854858709,3.2744130641,-10,7.5748329712,4.5911265115,3.72517892461806,100,356.402861284939
0.7565569518,-10,10,2.8471234643,-10,0.24788346936344,100,12764.4324714519
-4.508699868,10,3.0394267312,-5.403777127,-10,3.98437114622526,100,95596.8391128799
10,-9.805393659,-10,-10,-9.868517659,4.47982741919477,100,27849.9982518443
-0.959629695,-5.006683052,-0.76203725,-10,-1.471723352,3.98276564477892,100,25693.8578797955
-4.968143919,-4.721649387,-9.999931865,4.8848743646,6.0930012972,4.47269323177348,100,305.408539744711
-3.81580457,-10,1.8089499467,3.4253290314,-0.655340645,3.39240876488421,100,29956.2073995809
-9.962601969,10,4.7971262921,-6.06008022,9.6727074343,4.15673098492349,100,26676.4349350084
10,10,-1.38997549,2.3254891596,-3.128990068,4.47982741919477,100,275.443907930358
-3.769776996,-1.195858856,1.1517813644,-2.596770383,4.9870575808,4.37961691211058,100,95229.1209745722
-10,-3.76020823,5.9425804935,0.054795365,6.7681937088,9.23330770119357,100,98707.9903654064
-5.40168516,-2.666496339,5.8359645445,4.6795724219,-8.3667837,3.98136507084344,100,25810.2622939012
-3.661873341,9.9999318648,-6.223841331,-10,-9.342460637,3.98311825479677,100,95603.9392364448
9.999168751,-0.147488478,-10,-4.348009434,-10,4.47982741919477,100,275.474701616616
2.311778586,-10,-4.146148738,-9.121293468,2.341078195,3.98374619332001,100,227.069815590122
-9.184196923,-2.84456343,-8.993104071,8.3267068397,-4.699308009,4.13610368837498,100,2033.19432143664
-9.880925564,0.8800751983,7.617267794,-10,4.0658834796,5.40970173514076,100,94512.2886155469
3.3531605713,5.1469857073,-9.553243483,-3.553946041,-5.838296343,4.47982741919477,100,275.443907930358
-0.162539728,-10,-3.791760136,-5.222521329,9.3419124593,3.87856157552006,100,96084.6200650351
-4.60539448,0.2818456622,-4.893217953,10,-0.07499794,100,100,0
1.3057351951,-1.411451587,6.2675506477,-2.672457224,0.870143614,3.74294012565988,100,91443.8786031983
-0.522089484,8.5283775312,3.8718188401,2.690451343,-2.729202232,4.4706725112111,100,312.370442813267
8.9247748261,0.8068652736,5.0350660796,-1.611049043,5.2300675235,5.80697879158496,100,1176.87289053763
-3.49953136,10,-4.919900049,1.1764328666,-1.315044199,4.47977170003911,100,303.774545306063
4.648953287,4.0721564161,3.3301619103,-4.403177236,10,4.16037841814616,100,17740.7563767063
-2.144264331,4.7864947499,10,10,-8.051193828,4.47507675230723,100,311.417705443913
4.0550476568,-4.699368813,10,-9.311680983,6.3108992,5.27517338207301,100,96311.0399735068
-3.728693571,10,-6.625123877,9.0248721541,-3.621745808,4.47744928453977,100,303.842954592033
10,-10,10,-9.996969348,7.2634331315,1.95244370862331,100,95018.158251327
-7.954731621,9.8900189376,-10,4.516492393,4.7408543736,0.281165936053103,100,31319.0396724728
5.7576744305,-10,4.2359336259,0.5964376737,-0.313619964,5.64077172893519,100,95705.603981376
-10,3.1665349543,-5.571211078,-3.008524652,0.219902745,3.98311825479677,100,264.411897173631
10,4.2082880736,-2.860322108,10,3.8771686058,6.04197242073856,100,21137.4232262357
-2.430896844,-4.485253281,3.6141687947,-0.972479962,-4.679851168,4.47936419251856,100,24713.915786014
2.1042401464,4.622316818,-4.125573285,-4.586040392,9.9962525658,6.68717258026556,100,33874.2312974736
4.4222460632,-10,-5.045636593,10,0.3968225211,3.37233431048819,100,239.434657681514
-9.69436199,-9.976697773,10,-2.181145074,9.996415,9.38594834070634,100,123.034496772865
-4.320695572,4.1065781144,2.8172693228,6.3235058787,-6.485031415,4.47583153054799,100,309.036317214135
10,-0.207443287,9.9999318648,-5.525935169,-10,3.98311825479677,100,95599.7740422552
2.3289223914,10,-10,-9.688534909,-5.856457712,4.47982741919477,100,275.443907930358
9.3035670417,-10,-7.936012754,-4.859437507,4.0827270319,4.47982741919477,100,88215.5924701779
-9.999931865,-4.185469506,-6.636993984,1.6196984574,10,3.62121106764056,100,98314.3614339207
-9.992028185,-10,8.6748844726,5.8740557572,10,4.47962172738597,100,88828.6010042191
-10,9.9997955945,-1.886947588,10,8.7862181435,4.08914067764956,100,12587.0683344707
1.5549224667,2.1450881023,5.7727566316,4.9891228928,3.213693482,5.59158168424527,100,14062.4281993496
2.481352141,10,10,3.2401135666,0.9251873398,4.25368898331102,100,13564.5929768929
6.6331807325,10,10,2.1666507825,-10,5.32874017296591,100,304.15519646007
9.2870990359,0.5559159048,3.3750330572,-10,-10,3.98311825479677,100,95603.9392364448
3.6558453853,-1.826734064,-10,-7.830759549,-0.225634491,4.47982741919477,100,18710.5731597153
-2.61865774,-9.422350593,-7.330791834,9.887522465,8.4620084619,6.15114306323332,100,326.848041815195
-10,-10,0.791203355,5.2290495422,-6.126782896,3.98273491651641,100,19716.8541231949
-10,1.6685141817,9.9997955945,-2.497207577,2.7387068805,4.32413323938571,100,50424.2790949111
-6.498883169,6.4263313938,-3.529254044,-6.717958498,-4.425954782,3.98311825479677,100,95599.7989300039
9.2317750021,1.6492416826,-2.768981837,-3.705651357,9.6172830619,5.12516042517249,100,13127.5885552734
-1.465184245,-4.903546874,-5.56366766,8.1330896089,-5.368646151,4.0181423830946,100,18505.0148447987
-6.138149868,-5.448424912,10,-2.799257981,-2.679297488,4.48077003479182,100,24027.7313229713
-9.889506561,9.0170155697,-4.916694363,-1.287155953,-10,3.98311825479677,100,95597.187170011
9.9999318648,-4.894310824,2.8039104887,-10,-1.24881439,3.98311825479677,100,62160.3267116839
-10,-2.557921948,-1.294583553,1.9071636564,4.3814142616,10.486527692779,100,85.8129258984654
-10,-9.680753136,3.4841872571,10,2.1805116704,5.44386022103155,100,79703.2250236958
-10,2.6226593885,1.9515335345,-4.83479428,3.1422339645,6.56743385949312,100,15513.3399574989
6.3557914857,5.2489154276,-0.967747785,-10,-4.807112511,4.47982741919477,100,275.443907930358
0.4550380344,10,-10,-9.550805988,5.7165961441,4.47982741919477,100,21841.1814914708
0.1440768237,-1.016402036,0.1204469533,2.0664917591,0.0639948206,100,100,0
5.4678963984,-5.066404435,10,1.4657880849,1.6865509546,5.3204150272047,100,166.935249383567
-5.816141519,6.4689275867,-0.035593636,-2.899091825,10,4.13206027864251,100,23992.7025202041
-2.998671352,4.3983810126,-6.519239777,3.9458209072,-6.624811723,4.4786263904806,100,296.016422425343
4.9820356063,-2.811360106,1.391796618,-1.03756519,9.7200118825,0.681205859218619,100,93492.5328522164
-2.999791017,10,-1.704037836,10,3.0039269817,4.0689185249262,100,25986.6411769656
1.8468130841,-2.930595239,7.4935569606,10,-10,4.00186063099204,100,19365.4134857253
1.17208131,10,10,-8.686311841,-5.982061094,3.98311825479677,100,88683.7533437314
2.0976209344,9.9521364073,-10,1.0665616696,-10,4.47982741919477,100,275.443907930358
3.4238471915,-10,3.0163858751,-9.923620477,-3.804135345,4.47919761548051,100,33644.7256076587
-4.980999277,-2.624921855,-9.999931865,-4.736253971,2.1016130048,3.98311825479677,100,61642.2669505471
1.1449051895,-9.204313974,-5.559248774,3.2993169929,10,4.6044501175264,100,376.24321048261
-3.127229487,-5.300705133,1.4410703838,9.9998637297,-10,3.99618003311561,100,28418.3422814821
-1.498279069,2.6693883296,4.9313932698,-10,0.1867268004,4.47982741919477,100,13542.7236988546
2.4300096321,4.2367588924,-9.99986373,10,7.6272906694,4.9376431557785,100,14917.7161251793
-2.616607572,-8.967255312,10,10,-9.697787826,3.99656495323011,100,16404.1999626954
-4.912535267,7.2604815602,9.9796357611,-10,-10,4.47982741919477,100,275.443907930358
9.5535909394,7.6272820576,-10,-3.023979669,-10,4.47982741919477,100,275.349225560389
4.6512077985,-10,-7.988927007,-4.492046777,-10,4.47982741919477,100,19305.0250006466
-9.358709621,-10,-8.39336315,-9.975457167,10,4.94729075830626,100,95431.2771345415
-9.686518814,-9.051662837,-10,7.9010392674,10,6.17630211436581,100,253.99135612485
-10,-10,9.983756576,10,-4.140465922,4.01493977089311,100,27808.5694763328
-8.168352046,10,9.3752355275,2.6232401282,2.159178994,3.25882640918336,100,16331.2746094382
10,9.9715631064,3.3057375095,-1.171433269,3.4915915659,3.72109472033781,100,9526.46573592368
8.8853899254,3.1930122171,0.3698090832,3.5174950323,8.2849004795,5.20042173749761,10.8828005648042,26.7336875310115
-5.608497793,-7.184770831,-0.128145754,10,-2.723762191,4.05590263561237,49.458238073216,5395.07449294742
-1.416953199,-0.955768835,10,10,2.2286107602,3.40725269958873,100,157.970421287123
-10,9.9994549187,-3.005153273,5.344727561,1.8101363075,4.03219773176353,100,2318.13932406338
10,-4.233022648,3.7936535825,1.3426886319,-10,4.47964651769826,100,32787.0785587896
-0.092767179,2.0700768587,-3.739067691,-9.715623297,-3.090688128,4.48027867600284,100,308.324356513774
-5.298524903,3.9166069114,-10,-4.891053241,-10,3.98311825479677,100,95599.7740422552
3.792105844,-10,-10,-10,-4.715476953,4.47982741919477,100,22958.0049082872
-10,-10,-10,3.7142560266,3.2917407845,5.48961633697494,100,246.31782501743
-5.287219509,-10,-4.747060289,1.3948402439,5.9857510722,7.28537810624508,100,179.561472051664
-8.572696024,-10,7.7055081083,5.4350451397,-9.999822849,3.96786092374161,100,23501.7692935769
-3.911384168,2.9904194648,6.3323872768,-6.338940715,7.1281052923,7.8566552789072,100,22184.5161895216
3.4174528211,4.4402057874,-8.032898482,6.692852619,-10,4.47976641487253,100,299.528753198994
7.8409168197,-10,5.8467372665,-6.504988022,1.944060755,2.92468212985024,100,314.892531498636
-10,10,-9.081947403,-2.542648909,1.9971366756,3.98311825479677,100,268.13161290125
10,-9.841317293,-3.708406449,-1.85653495,10,3.99404793565711,100,235.389775247471
-7.685697352,6.1364162349,-1.218778141,10,-2.343864823,4.46712051306013,100,306.532804121525
2.2906963165,-0.90216301,10,-4.952174346,-5.61392466,3.98311825479677,100,48603.4132385272
-4.207323292,10,2.4487061004,-6.35915574,4.5966210137,5.38143478896657,49.5639670773777,29026.6054954035
10,-3.089391788,-2.179242138,-2.287852396,0.1276622742,4.47982741919477,100,18769.4423415734
-5.583360026,-10,-3.993461267,0.815279911,-6.949542145,3.98311825479677,100,15371.0866157846
-6.181367407,-3.007304449,4.406686284,-5.638041553,-10,4.47982741919477,100,17724.2220581622
-1.349274779,-3.480788639,-5.819356229,-10,4.4923825684,3.98311825479677,100,228.41441023742
-1.000825644,-10,-9.89683845,3.4801988302,-6.489422793,3.98311825479677,100,18616.1510384788
-3.71631906,-10,4.5269444288,-9.978099177,-0.096776359,4.47982741919477,100,275.167844266151
-9.871546131,4.255533569,-10,0.7240991934,-6.859806065,3.98311825479677,100,95598.1801685503
6.698056569,-10,-1.676506794,-4.373181206,-3.238603702,4.47982741919477,100,25599.1788645118
-10,1.1068415749,-10,-9.469524372,-1.602553441,3.98311825479677,100,18005.5736317411
-0.056211448,-5.20616848,-4.779283513,0.2737635721,-4.129003049,3.9841661531554,100,15329.9613577121
-10,-7.502731657,0.0018469998,-3.790836673,6.3490043082,4.47924499256813,100,281.319318209292
-9.440061921,-4.100332282,-4.318395281,2.633388355,-10,3.98311825479677,100,16404.2071315157
-6.272751269,-4.759626295,1.1678306122,-10,4.0403874695,4.47982741919477,100,95012.9777579551
0.7214403044,0.6183385138,-9.963080551,0.6263895381,-10,4.47982741919477,100,275.443907930358
6.6643323439,-1.830659417,-3.177615831,-10,1.222817087,4.47982741919477,100,6660.05277605574
-9.851221138,-0.954586606,-10,1.5513214442,2.4528373553,5.66542947108525,100,86866.4358750056
-5.680139471,-9.957142979,0.5943112492,-3.904456697,-2.583529205,3.98274055118627,100,31224.5003232249
-9.753903863,-0.383752702,0.3239521691,-2.932331772,10,4.51606581889326,100,92719.6067585511
0.3528489442,0.5226724694,-6.581670244,3.6610771767,5.6190367252,1.26863818511613,100,5562.17559973637
2.6259861893,-2.837369379,4.3874496351,5.8758303961,10,8.65135280500443,100,87.6158104685324
3.7352976963,4.7839227738,6.2473721349,2.8915643073,10,4.04765019955508,12.2383642531321,157.709001515874
3.4088408609,10,6.1836053956,10,-8.239673083,4.47403935312275,100,312.366701236646
1.9986669627,9.9598983657,7.5418522433,-10,3.8729939541,3.98311825479677,100,17059.1664382785
8.549637317,4.7237145504,-10,7.1960745656,-0.284511512,3.17746041251157,100,633.727197081946
2.9530388793,-9.940079208,3.4777223037,-4.189978277,10,0.903912661795928,100,96508.471401255
-9.979423179,1.4043226382,-10,9.5092481143,9.9997274593,4.95368975505075,100,1845.05766457536
3.2691599219,-6.789720445,7.5141345479,10,5.573600713,6.25122489172575,100,127.606019079549
-6.266698315,10,7.9204675756,0.3279432964,-5.022265814,0.607919329802357,100,309.960758367335
10,10,-10,-9.647569373,3.489022883,4.47982741919477,100,28311.2156171545
9.998364756,-3.486422296,-6.50242168,3.350456438,-3.302404181,3.25396335860448,100,26987.650389088
-4.46242189,-7.008991991,5.4744984984,-4.477122299,7.4166445323,5.78252684471103,100,85691.8847178069
-10,3.2948804714,-2.806227898,9.9999318648,-9.217247298,4.47158125310638,100,311.49646396939
-0.832819346,-5.731317404,8.1554428332,-9.987566695,-4.860651481,4.47982741919477,100,49263.9182236095
-7.97272514,6.8167205619,-10,-8.796919595,4.8598818031,3.98311825479677,100,34807.6336378943
10,-9.162719911,-9.044853679,10,4.2607166278,4.45479831678217,100,90318.0521551204
-10,-5.379454157,6.5726904852,3.983852067,-2.633740822,4.04041933871698,100,22483.2751856015
-3.828038929,5.434081746,3.3862856084,-4.30681779,-3.624649029,4.47982741919477,100,275.443907930358
4.004536923,1.7448421042,-5.576641674,4.1469719371,-2.292699564,3.43889868105499,100,314.698317809617
4.9755714537,-1.315020286,-3.495439523,-10,-8.126562702,4.47982741919477,100,7547.45308746206
-8.299734635,-3.482160001,-1.916390873,-4.394961749,0.0745328563,3.98311825479677,100,17228.0473100429
-4.818817678,-0.502934986,-6.304638056,-4.763385847,-4.61821558,3.98311825479677,100,11370.3284189506
-5.57294796,-4.719338733,-5.617598819,-6.441545201,10,4.20925475897976,100,95993.4801113118
-9.313538032,-2.979945725,-3.499649049,10,9.511131414,7.88707431006975,100,90068.3202674736
-0.488729356,-3.761524036,10,6.049838486,-4.137829068,4.03980214644285,100,28717.0109407516
-1.879882818,10,4.9108018905,4.2598713452,9.9999318648,4.81210323639034,100,17531.3528938105
10,7.3756368329,1.6642912966,10,10,5.02966721722252,11.2682583799786,206.398441229791
5.4046936612,-3.083369894,8.8447937401,10,-0.933760512,5.11952692277752,100,95211.1646983372
3.4641202269,10,3.4904710866,-1.007452964,-9.999795594,5.39923727080031,100,292.143572459313
3.4898908547,0.3923024054,-4.293858188,-3.2407057,1.8932119354,4.47982741919477,100,20277.7325844243
10,-3.126947285,-3.841472511,2.4341910324,10,1.56879898814661,100,333.184103890381
-1.145852012,-2.344148405,9.9637793448,9.9785510492,10,6.31142120329351,100,83749.0287368801
-3.456280176,4.3859396668,9.5173628493,6.735203002,8.9769125748,5.95810578165894,100,20069.2705691772
-4.10892756,5.9825714724,-5.558913875,10,10,6.68023851574998,10.4349943341551,38.2681200508008
10,9.6784979424,9.8537252415,8.1948173106,-6.178429285,4.47219927428468,100,309.873610996085
9.8808375874,10,7.6608897594,-10,4.3761696434,3.98311825479677,100,10520.1514263978
10,10,-9.890353072,3.9979242999,4.9014826012,3.2211273099468,100,20364.5659850768
6.7939949908,-10,1.3166317442,7.9427456387,4.5058089457,5.34398125873673,100,94370.3345054972
-8.67742804,9.2385110935,3.1224952878,4.5506324734,6.4888733489,4.8722048788418,100,38423.3499660217
5.0067231911,6.1313776372,9.1036782659,-2.766672105,-5.567053489,3.98265353569244,100,95604.1878143604
0.7505465301,4.7014974167,1.8371744675,-3.914050594,2.7553995753,3.98442354787558,100,19857.7612826567
9.8419830992,4.9486533288,-4.326443798,2.463183077,2.1827595872,4.91668830050177,100,17865.9316164948
6.9389102161,-10,2.5755081077,-2.932898817,-9.935410586,4.4789360639134,100,29318.0654347306
-5.030681423,2.4650909828,-0.334405739,-8.583561545,-10,3.98311825479677,100,95603.9392364448
-2.427161993,-5.130018382,-9.055306466,-10,-3.206725308,3.98311825479677,100,16758.3131360762
-2.000039768,-6.793139833,-10,-2.001261351,7.4642539533,4.02707162693772,100,96074.480319561
-9.947345142,-8.331450579,-5.296687516,10,3.9656187965,4.54018700591475,100,181.774621278486
-6.091052901,-2.855418613,10,3.7516311175,2.7470196101,4.51189265435385,100,163.590308173109
-4.346151189,6.074611049,4.4023261621,7.6302357996,1.4023906454,3.63431288906203,100,15388.9075804573
10,2.4658697222,9.3107118384,3.0318939871,-9.767510707,4.4741965365647,100,306.116060704487
1.5830867297,10,-2.218737473,-9.063746802,4.9030024275,5.41251500204009,100,34323.6179895917
2.3291968795,-9.785495557,-10,5.4595630517,3.976893532,5.30814006753788,100,202.425526016557
-4.337508178,-10,9.1948624207,3.2306683822,-3.874927017,4.91724711065762,100,25074.1523871946
-9.984249875,10,2.7967804247,4.8088499538,-3.523490847,4.47468909458688,100,312.646067448155
9.2558631496,10,-3.475680483,-8.966923344,8.8416409306,6.03293034042416,100,25483.8148902617
2.7503269768,-6.804652987,-2.913231398,3.8949041928,3.1550935133,5.45397621948413,100,116.366489494131
-4.021312275,-5.033588095,7.2875889489,3.6293628993,10,4.55764085899736,100,104474.749453553
-2.320792116,9.9185899212,7.3353175916,4.9863183502,-10,4.47419886345224,100,310.975800869538
3.9617282893,4.235455419,10,-7.9052316,-0.044211865,3.98311825479677,100,26872.6207650013
2.5127468097,10,-1.127550382,1.3753747559,2.200118842,5.73835026502264,100,35759.113527344
10,-9.02156314,-4.36318361,2.2426804649,2.1099454037,5.44084320585902,100,1930.97593406687
-10,1.3822555941,1.2749447717,3.4963990138,-10,4.15366135343716,100,317.544200721314
4.1208510003,-0.597323689,3.6801005851,-9.006462381,-4.008477072,3.98311825479677,100,91147.0344167901
9.7624780797,2.6696159829,-9.829282268,-0.280700774,-3.74254294,4.47982741919477,100,274.793586010471
-0.378913255,-10,-4.574003419,-5.987794192,-4.384615795,3.98311825479677,100,21986.0294280898
-3.715429344,-4.147220411,-2.126521265,6.0159600445,6.0556804566,7.8530530140231,100,80.0660991253657
-4.315456063,-1.736556809,4.2271776401,6.9527544592,-1.053786805,1.29644773195981,100,51182.382798587
-5.167736662,4.6891306673,5.1318245321,0.1312414002,3.1446443941,8.10993196262099,100,30120.3962608804
-1.514266397,3.6383471318,0.6188418883,2.897725246,8.4150137827,4.91065431685788,100,27156.3748981296
5.6357242522,0.5031603023,3.1151716252,5.8671750516,-10,4.46537047090619,100,277.140093802577
3.9872443257,3.8289438088,10,-9.183069564,-10,3.98311825479677,100,95603.9392364448
7.4715815154,9.9999318648,-8.231283918,-0.573764872,-1.15426078,4.47982741919477,100,274.793586010471
4.504496808,-10,-10,-3.838931846,10,4.85482661330021,100,88540.5106077105
-10,-4.580196835,-2.051491992,10,-8.435843629,4.02849809750391,100,20629.2221735709
-3.698077724,-1.8886527,10,-7.314522067,2.1563302322,4.47897166100936,100,94347.5046656068
